SourceID,DestID
1,2
2,1
1,3
3,1
1,4
4,1
1,5
5,1
1,6
6,1
1,7
7,1
1,8
8,1
1,9
9,1
1,10
10,1
1,12
12,1
1,13
13,1
1,14
14,1
1,15
15,1
1,16
16,1
1,21
21,1
1,23
23,1
1,24
24,1
1,26
26,1
1,27
27,1
1,28
28,1
1,30
30,1
1,33
33,1
1,34
34,1
1,35
35,1
1,37
37,1
1,38
38,1
1,39
39,1
1,40
40,1
1,44
44,1
1,49
49,1
1,51
51,1
1,55
55,1
1,58
58,1
1,65
65,1
1,68
68,1
1,75
75,1
1,76
76,1
1,79
79,1
1,82
82,1
1,83
83,1
1,90
90,1
1,97
97,1
1,101
101,1
1,103
103,1
1,106
106,1
1,109
109,1
1,111
111,1
1,115
115,1
1,121
121,1
1,124
124,1
1,127
127,1
1,128
128,1
1,133
133,1
1,139
139,1
1,147
147,1
1,152
152,1
1,154
154,1
1,164
164,1
1,175
175,1
1,176
176,1
1,188
188,1
1,192
192,1
1,196
196,1
1,209
209,1
1,225
225,1
1,242
242,1
1,250
250,1
1,265
265,1
1,266
266,1
1,268
268,1
1,281
281,1
1,291
291,1
1,318
318,1
1,319
319,1
1,329
329,1
1,330
330,1
1,331
331,1
1,369
369,1
1,386
386,1
1,393
393,1
1,409
409,1
1,410
410,1
1,429
429,1
1,431
431,1
1,447
447,1
1,463
463,1
1,482
482,1
2,8
8,2
2,9
9,2
2,11
11,2
2,12
12,2
2,13
13,2
2,14
14,2
2,16
16,2
2,17
17,2
2,22
22,2
2,36
36,2
2,40
40,2
2,42
42,2
2,48
48,2
2,50
50,2
2,62
62,2
2,72
72,2
2,113
113,2
2,122
122,2
2,126
126,2
2,131
131,2
2,140
140,2
2,143
143,2
2,144
144,2
2,147
147,2
2,164
164,2
2,165
165,2
2,167
167,2
2,173
173,2
2,174
174,2
2,183
183,2
2,187
187,2
2,204
204,2
2,217
217,2
2,232
232,2
2,241
241,2
2,248
248,2
2,265
265,2
2,276
276,2
2,298
298,2
2,302
302,2
2,308
308,2
2,310
310,2
2,314
314,2
2,319
319,2
2,326
326,2
2,348
348,2
2,349
349,2
2,354
354,2
2,379
379,2
2,383
383,2
2,391
391,2
2,392
392,2
2,394
394,2
2,418
418,2
2,427
427,2
2,441
441,2
2,452
452,2
2,461
461,2
2,467
467,2
2,476
476,2
2,477
477,2
2,481
481,2
3,9
9,3
3,10
10,3
3,14
14,3
3,15
15,3
3,17
17,3
3,18
18,3
3,25
25,3
3,34
34,3
3,39
39,3
3,41
41,3
3,42
42,3
3,45
45,3
3,46
46,3
3,49
49,3
3,58
58,3
3,72
72,3
3,76
76,3
3,100
100,3
3,115
115,3
3,123
123,3
3,165
165,3
3,184
184,3
3,189
189,3
3,235
235,3
3,261
261,3
3,312
312,3
3,351
351,3
3,416
416,3
3,425
425,3
3,453
453,3
3,461
461,3
3,472
472,3
3,480
480,3
4,8
8,4
4,10
10,4
4,12
12,4
4,15
15,4
4,18
18,4
4,19
19,4
4,25
25,4
4,45
45,4
4,47
47,4
4,53
53,4
4,61
61,4
4,65
65,4
4,102
102,4
4,124
124,4
4,129
129,4
4,145
145,4
4,146
146,4
4,179
179,4
4,190
190,4
4,198
198,4
4,210
210,4
4,264
264,4
4,283
283,4
4,292
292,4
4,302
302,4
4,340
340,4
4,426
426,4
4,488
488,4
5,8
8,5
5,11
11,5
5,13
13,5
5,31
31,5
5,42
42,5
5,58
58,5
5,62
62,5
5,67
67,5
5,105
105,5
5,283
283,5
5,289
289,5
5,295
295,5
5,298
298,5
5,373
373,5
5,406
406,5
5,469
469,5
6,8
8,6
6,9
9,6
6,10
10,6
6,11
11,6
6,12
12,6
6,13
13,6
6,15
15,6
6,20
20,6
6,21
21,6
6,24
24,6
6,25
25,6
6,28
28,6
6,37
37,6
6,38
38,6
6,39
39,6
6,43
43,6
6,44
44,6
6,48
48,6
6,50
50,6
6,59
59,6
6,64
64,6
6,73
73,6
6,74
74,6
6,79
79,6
6,80
80,6
6,82
82,6
6,92
92,6
6,94
94,6
6,97
97,6
6,110
110,6
6,113
113,6
6,114
114,6
6,116
116,6
6,121
121,6
6,130
130,6
6,137
137,6
6,138
138,6
6,140
140,6
6,145
145,6
6,151
151,6
6,165
165,6
6,173
173,6
6,177
177,6
6,181
181,6
6,184
184,6
6,188
188,6
6,211
211,6
6,228
228,6
6,233
233,6
6,234
234,6
6,238
238,6
6,241
241,6
6,258
258,6
6,269
269,6
6,280
280,6
6,282
282,6
6,287
287,6
6,288
288,6
6,291
291,6
6,296
296,6
6,306
306,6
6,314
314,6
6,317
317,6
6,328
328,6
6,353
353,6
6,377
377,6
6,391
391,6
6,411
411,6
6,420
420,6
6,432
432,6
6,453
453,6
6,461
461,6
6,466
466,6
6,488
488,6
7,8
8,7
7,9
9,7
7,10
10,7
7,11
11,7
7,23
23,7
7,24
24,7
7,28
28,7
7,32
32,7
7,44
44,7
7,47
47,7
7,53
53,7
7,55
55,7
7,69
69,7
7,73
73,7
7,74
74,7
7,78
78,7
7,80
80,7
7,93
93,7
7,96
96,7
7,99
99,7
7,102
102,7
7,106
106,7
7,124
124,7
7,134
134,7
7,136
136,7
7,141
141,7
7,149
149,7
7,151
151,7
7,157
157,7
7,162
162,7
7,177
177,7
7,181
181,7
7,223
223,7
7,245
245,7
7,269
269,7
7,271
271,7
7,336
336,7
7,376
376,7
7,400
400,7
7,414
414,7
7,436
436,7
7,467
467,7
7,473
473,7
8,9
9,8
8,11
11,8
8,12
12,8
8,15
15,8
8,16
16,8
8,17
17,8
8,18
18,8
8,23
23,8
8,26
26,8
8,29
29,8
8,31
31,8
8,32
32,8
8,33
33,8
8,35
35,8
8,37
37,8
8,38
38,8
8,46
46,8
8,52
52,8
8,55
55,8
8,56
56,8
8,57
57,8
8,58
58,8
8,61
61,8
8,63
63,8
8,64
64,8
8,70
70,8
8,74
74,8
8,81
81,8
8,83
83,8
8,84
84,8
8,93
93,8
8,94
94,8
8,99
99,8
8,109
109,8
8,118
118,8
8,124
124,8
8,130
130,8
8,153
153,8
8,157
157,8
8,160
160,8
8,165
165,8
8,195
195,8
8,198
198,8
8,200
200,8
8,203
203,8
8,207
207,8
8,217
217,8
8,218
218,8
8,220
220,8
8,226
226,8
8,228
228,8
8,231
231,8
8,233
233,8
8,243
243,8
8,250
250,8
8,275
275,8
8,289
289,8
8,313
313,8
8,319
319,8
8,343
343,8
8,346
346,8
8,351
351,8
8,352
352,8
8,360
360,8
8,362
362,8
8,364
364,8
8,408
408,8
8,441
441,8
8,445
445,8
8,458
458,8
8,460
460,8
8,468
468,8
8,469
469,8
8,492
492,8
9,10
10,9
9,16
16,9
9,17
17,9
9,18
18,9
9,21
21,9
9,23
23,9
9,25
25,9
9,28
28,9
9,32
32,9
9,33
33,9
9,34
34,9
9,36
36,9
9,38
38,9
9,44
44,9
9,50
50,9
9,59
59,9
9,60
60,9
9,61
61,9
9,70
70,9
9,79
79,9
9,87
87,9
9,96
96,9
9,97
97,9
9,115
115,9
9,118
118,9
9,132
132,9
9,142
142,9
9,150
150,9
9,151
151,9
9,157
157,9
9,168
168,9
9,176
176,9
9,182
182,9
9,199
199,9
9,202
202,9
9,239
239,9
9,252
252,9
9,258
258,9
9,259
259,9
9,271
271,9
9,279
279,9
9,280
280,9
9,285
285,9
9,294
294,9
9,322
322,9
9,341
341,9
9,351
351,9
9,374
374,9
9,376
376,9
9,384
384,9
9,413
413,9
9,449
449,9
9,453
453,9
9,481
481,9
10,11
11,10
10,14
14,10
10,17
17,10
10,18
18,10
10,27
27,10
10,32
32,10
10,41
41,10
10,45
45,10
10,49
49,10
10,52
52,10
10,65
65,10
10,69
69,10
10,70
70,10
10,77
77,10
10,81
81,10
10,122
122,10
10,124
124,10
10,166
166,10
10,205
205,10
10,221
221,10
10,275
275,10
10,277
277,10
10,280
280,10
10,317
317,10
10,368
368,10
10,376
376,10
10,390
390,10
10,394
394,10
10,407
407,10
10,412
412,10
10,494
494,10
11,12
12,11
11,13
13,11
11,16
16,11
11,19
19,11
11,20
20,11
11,23
23,11
11,27
27,11
11,29
29,11
11,31
31,11
11,32
32,11
11,33
33,11
11,37
37,11
11,41
41,11
11,45
45,11
11,50
50,11
11,51
51,11
11,53
53,11
11,54
54,11
11,66
66,11
11,69
69,11
11,71
71,11
11,87
87,11
11,88
88,11
11,94
94,11
11,108
108,11
11,110
110,11
11,119
119,11
11,127
127,11
11,129
129,11
11,148
148,11
11,155
155,11
11,157
157,11
11,159
159,11
11,160
160,11
11,170
170,11
11,180
180,11
11,189
189,11
11,192
192,11
11,210
210,11
11,215
215,11
11,225
225,11
11,243
243,11
11,260
260,11
11,262
262,11
11,277
277,11
11,293
293,11
11,319
319,11
11,323
323,11
11,329
329,11
11,337
337,11
11,353
353,11
11,354
354,11
11,417
417,11
11,423
423,11
11,427
427,11
11,439
439,11
11,450
450,11
11,471
471,11
11,487
487,11
11,489
489,11
12,13
13,12
12,14
14,12
12,19
19,12
12,20
20,12
12,21
21,12
12,22
22,12
12,27
27,12
12,33
33,12
12,40
40,12
12,42
42,12
12,46
46,12
12,51
51,12
12,52
52,12
12,54
54,12
12,55
55,12
12,59
59,12
12,67
67,12
12,68
68,12
12,71
71,12
12,72
72,12
12,76
76,12
12,84
84,12
12,86
86,12
12,100
100,12
12,101
101,12
12,110
110,12
12,129
129,12
12,134
134,12
12,136
136,12
12,140
140,12
12,155
155,12
12,156
156,12
12,160
160,12
12,182
182,12
12,193
193,12
12,225
225,12
12,239
239,12
12,242
242,12
12,244
244,12
12,247
247,12
12,261
261,12
12,274
274,12
12,281
281,12
12,290
290,12
12,297
297,12
12,304
304,12
12,318
318,12
12,320
320,12
12,325
325,12
12,329
329,12
12,331
331,12
12,332
332,12
12,334
334,12
12,338
338,12
12,342
342,12
12,343
343,12
12,348
348,12
12,359
359,12
12,364
364,12
12,381
381,12
12,390
390,12
12,403
403,12
12,411
411,12
12,424
424,12
12,432
432,12
12,447
447,12
12,455
455,12
12,479
479,12
12,480
480,12
13,14
14,13
13,16
16,13
13,19
19,13
13,20
20,13
13,30
30,13
13,35
35,13
13,54
54,13
13,55
55,13
13,62
62,13
13,78
78,13
13,89
89,13
13,110
110,13
13,114
114,13
13,117
117,13
13,132
132,13
13,139
139,13
13,150
150,13
13,160
160,13
13,164
164,13
13,167
167,13
13,174
174,13
13,192
192,13
13,202
202,13
13,276
276,13
13,305
305,13
13,309
309,13
13,319
319,13
13,327
327,13
13,328
328,13
13,329
329,13
13,330
330,13
13,340
340,13
13,394
394,13
13,467
467,13
14,15
15,14
14,20
20,14
14,22
22,14
14,24
24,14
14,29
29,14
14,30
30,14
14,46
46,14
14,62
62,14
14,64
64,14
14,75
75,14
14,78
78,14
14,94
94,14
14,102
102,14
14,142
142,14
14,148
148,14
14,202
202,14
14,208
208,14
14,221
221,14
14,264
264,14
14,267
267,14
14,271
271,14
14,284
284,14
14,308
308,14
14,320
320,14
14,356
356,14
14,397
397,14
14,414
414,14
14,419
419,14
14,447
447,14
14,480
480,14
14,498
498,14
15,17
17,15
15,19
19,15
15,22
22,15
15,34
34,15
15,58
58,15
15,61
61,15
15,70
70,15
15,72
72,15
15,83
83,15
15,98
98,15
15,103
103,15
15,111
111,15
15,114
114,15
15,120
120,15
15,145
145,15
15,212
212,15
15,225
225,15
15,246
246,15
15,250
250,15
15,282
282,15
15,346
346,15
15,348
348,15
15,456
456,15
16,18
18,16
16,21
21,16
16,22
22,16
16,25
25,16
16,26
26,16
16,27
27,16
16,28
28,16
16,29
29,16
16,36
36,16
16,37
37,16
16,38
38,16
16,42
42,16
16,56
56,16
16,57
57,16
16,62
62,16
16,67
67,16
16,78
78,16
16,80
80,16
16,137
137,16
16,145
145,16
16,152
152,16
16,161
161,16
16,167
167,16
16,179
179,16
16,194
194,16
16,201
201,16
16,228
228,16
16,233
233,16
16,247
247,16
16,265
265,16
16,277
277,16
16,278
278,16
16,280
280,16
16,301
301,16
16,308
308,16
16,312
312,16
16,316
316,16
16,319
319,16
16,328
328,16
16,333
333,16
16,341
341,16
16,346
346,16
16,350
350,16
16,383
383,16
16,393
393,16
16,412
412,16
16,414
414,16
16,430
430,16
16,472
472,16
16,475
475,16
16,480
480,16
17,20
20,17
17,23
23,17
17,36
36,17
17,45
45,17
17,47
47,17
17,54
54,17
17,60
60,17
17,63
63,17
17,69
69,17
17,76
76,17
17,85
85,17
17,87
87,17
17,104
104,17
17,105
105,17
17,106
106,17
17,113
113,17
17,119
119,17
17,131
131,17
17,168
168,17
17,172
172,17
17,178
178,17
17,204
204,17
17,208
208,17
17,230
230,17
17,243
243,17
17,251
251,17
17,282
282,17
17,318
318,17
17,366
366,17
17,399
399,17
17,420
420,17
17,425
425,17
17,440
440,17
17,469
469,17
17,471
471,17
17,484
484,17
17,494
494,17
18,19
19,18
18,22
22,18
18,26
26,18
18,31
31,18
18,36
36,18
18,39
39,18
18,46
46,18
18,47
47,18
18,51
51,18
18,60
60,18
18,82
82,18
18,88
88,18
18,95
95,18
18,97
97,18
18,111
111,18
18,114
114,18
18,122
122,18
18,132
132,18
18,137
137,18
18,146
146,18
18,160
160,18
18,214
214,18
18,224
224,18
18,240
240,18
18,312
312,18
18,340
340,18
18,430
430,18
18,450
450,18
18,466
466,18
18,473
473,18
19,25
25,19
19,29
29,19
19,66
66,19
19,67
67,19
19,68
68,19
19,83
83,19
19,118
118,19
19,119
119,19
19,146
146,19
19,154
154,19
19,188
188,19
19,214
214,19
19,239
239,19
19,271
271,19
19,274
274,19
19,278
278,19
19,299
299,19
19,337
337,19
19,394
394,19
19,395
395,19
19,416
416,19
20,21
21,20
20,27
27,20
20,31
31,20
20,36
36,20
20,40
40,20
20,44
44,20
20,52
52,20
20,66
66,20
20,72
72,20
20,74
74,20
20,79
79,20
20,93
93,20
20,103
103,20
20,108
108,20
20,113
113,20
20,121
121,20
20,125
125,20
20,153
153,20
20,163
163,20
20,171
171,20
20,240
240,20
20,262
262,20
20,307
307,20
20,310
310,20
20,376
376,20
20,397
397,20
20,432
432,20
21,24
24,21
21,26
26,21
21,41
41,21
21,63
63,21
21,88
88,21
21,106
106,21
21,120
120,21
21,126
126,21
21,130
130,21
21,148
148,21
21,187
187,21
21,189
189,21
21,194
194,21
21,229
229,21
21,290
290,21
21,302
302,21
21,320
320,21
21,322
322,21
21,326
326,21
21,330
330,21
21,338
338,21
21,369
369,21
21,430
430,21
22,30
30,22
22,35
35,22
22,54
54,22
22,73
73,22
22,93
93,22
22,108
108,22
22,112
112,22
22,122
122,22
22,133
133,22
22,165
165,22
22,169
169,22
22,170
170,22
22,195
195,22
22,213
213,22
22,218
218,22
22,257
257,22
22,276
276,22
22,282
282,22
22,286
286,22
22,336
336,22
22,368
368,22
22,371
371,22
22,379
379,22
22,405
405,22
22,437
437,22
22,457
457,22
22,458
458,22
22,472
472,22
22,488
488,22
22,493
493,22
23,24
24,23
23,56
56,23
23,83
83,23
23,91
91,23
23,132
132,23
23,152
152,23
23,203
203,23
23,253
253,23
23,401
401,23
24,43
43,24
24,63
63,24
24,70
70,24
24,75
75,24
24,90
90,24
24,108
108,24
24,144
144,24
24,146
146,24
24,155
155,24
24,171
171,24
24,172
172,24
24,178
178,24
24,180
180,24
24,183
183,24
24,185
185,24
24,201
201,24
24,207
207,24
24,216
216,24
24,217
217,24
24,226
226,24
24,242
242,24
24,246
246,24
24,252
252,24
24,287
287,24
24,309
309,24
24,334
334,24
24,355
355,24
24,361
361,24
24,373
373,24
24,381
381,24
24,406
406,24
24,419
419,24
24,426
426,24
24,430
430,24
24,442
442,24
24,455
455,24
24,485
485,24
24,497
497,24
25,26
26,25
25,28
28,25
25,35
35,25
25,47
47,25
25,53
53,25
25,64
64,25
25,65
65,25
25,75
75,25
25,92
92,25
25,145
145,25
25,147
147,25
25,163
163,25
25,169
169,25
25,200
200,25
25,230
230,25
25,258
258,25
25,278
278,25
25,309
309,25
25,323
323,25
25,338
338,25
25,390
390,25
25,409
409,25
26,43
43,26
26,47
47,26
26,66
66,26
26,86
86,26
26,97
97,26
26,98
98,26
26,116
116,26
26,117
117,26
26,127
127,26
26,159
159,26
26,174
174,26
26,191
191,26
26,198
198,26
26,216
216,26
26,224
224,26
26,226
226,26
26,231
231,26
26,245
245,26
26,247
247,26
26,274
274,26
26,326
326,26
26,351
351,26
26,465
465,26
26,495
495,26
27,31
31,27
27,32
32,27
27,40
40,27
27,41
41,27
27,60
60,27
27,86
86,27
27,90
90,27
27,98
98,27
27,116
116,27
27,120
120,27
27,125
125,27
27,131
131,27
27,134
134,27
27,137
137,27
27,147
147,27
27,159
159,27
27,185
185,27
27,189
189,27
27,196
196,27
27,219
219,27
27,230
230,27
27,235
235,27
27,285
285,27
27,303
303,27
27,307
307,27
27,342
342,27
27,370
370,27
27,409
409,27
27,421
421,27
27,427
427,27
28,29
29,28
28,30
30,28
28,39
39,28
28,81
81,28
28,109
109,28
28,116
116,28
28,120
120,28
28,142
142,28
28,143
143,28
28,193
193,28
28,213
213,28
28,227
227,28
28,232
232,28
28,237
237,28
28,288
288,28
28,336
336,28
28,369
369,28
28,393
393,28
28,406
406,28
28,433
433,28
28,439
439,28
28,452
452,28
28,464
464,28
28,478
478,28
28,483
483,28
29,30
30,29
29,33
33,29
29,34
34,29
29,46
46,29
29,48
48,29
29,49
49,29
29,51
51,29
29,57
57,29
29,59
59,29
29,62
62,29
29,63
63,29
29,73
73,29
29,79
79,29
29,98
98,29
29,103
103,29
29,104
104,29
29,105
105,29
29,110
110,29
29,116
116,29
29,128
128,29
29,135
135,29
29,138
138,29
29,143
143,29
29,146
146,29
29,149
149,29
29,161
161,29
29,191
191,29
29,222
222,29
29,223
223,29
29,238
238,29
29,256
256,29
29,270
270,29
29,333
333,29
29,342
342,29
29,352
352,29
29,354
354,29
29,363
363,29
29,369
369,29
29,374
374,29
29,382
382,29
29,384
384,29
29,385
385,29
29,386
386,29
29,400
400,29
29,441
441,29
29,454
454,29
29,479
479,29
29,484
484,29
30,37
37,30
30,65
65,30
30,76
76,30
30,77
77,30
30,103
103,30
30,171
171,30
30,178
178,30
30,183
183,30
30,189
189,30
30,249
249,30
30,352
352,30
30,440
440,30
30,475
475,30
31,41
41,31
31,48
48,31
31,50
50,31
31,55
55,31
31,77
77,31
31,93
93,31
31,120
120,31
31,179
179,31
31,186
186,31
31,249
249,31
31,262
262,31
31,333
333,31
31,340
340,31
31,344
344,31
31,410
410,31
31,422
422,31
32,34
34,32
32,57
57,32
32,61
61,32
32,85
85,32
32,89
89,32
32,90
90,32
32,91
91,32
32,103
103,32
32,123
123,32
32,147
147,32
32,171
171,32
32,190
190,32
32,208
208,32
32,209
209,32
32,215
215,32
32,256
256,32
32,272
272,32
32,386
386,32
32,411
411,32
32,446
446,32
33,38
38,33
33,43
43,33
33,53
53,33
33,56
56,33
33,57
57,33
33,58
58,33
33,69
69,33
33,80
80,33
33,84
84,33
33,88
88,33
33,100
100,33
33,152
152,33
33,153
153,33
33,154
154,33
33,196
196,33
33,197
197,33
33,207
207,33
33,209
209,33
33,239
239,33
33,246
246,33
33,263
263,33
33,267
267,33
33,303
303,33
33,320
320,33
33,326
326,33
33,336
336,33
33,347
347,33
33,361
361,33
33,387
387,33
33,403
403,33
33,428
428,33
33,439
439,33
33,446
446,33
33,454
454,33
33,474
474,33
34,35
35,34
34,42
42,34
34,43
43,34
34,44
44,34
34,48
48,34
34,52
52,34
34,64
64,34
34,73
73,34
34,86
86,34
34,112
112,34
34,118
118,34
34,124
124,34
34,147
147,34
34,231
231,34
34,253
253,34
34,266
266,34
34,270
270,34
34,290
290,34
34,302
302,34
34,315
315,34
34,369
369,34
34,385
385,34
34,401
401,34
34,432
432,34
35,39
39,35
35,43
43,35
35,93
93,35
35,117
117,35
35,128
128,35
35,252
252,35
35,283
283,35
35,289
289,35
35,292
292,35
35,299
299,35
35,305
305,35
35,306
306,35
35,311
311,35
35,320
320,35
35,350
350,35
35,402
402,35
35,421
421,35
35,462
462,35
36,59
59,36
36,75
75,36
36,77
77,36
36,153
153,36
36,168
168,36
36,222
222,36
36,308
308,36
36,338
338,36
36,352
352,36
37,40
40,37
37,69
69,37
37,95
95,37
37,141
141,37
37,169
169,37
37,193
193,37
37,206
206,37
37,210
210,37
37,215
215,37
37,279
279,37
37,345
345,37
37,380
380,37
37,382
382,37
37,387
387,37
37,399
399,37
37,431
431,37
37,441
441,37
37,466
466,37
37,496
496,37
38,60
60,38
38,68
68,38
38,138
138,38
38,180
180,38
38,239
239,38
38,294
294,38
38,482
482,38
39,74
74,39
39,81
81,39
39,110
110,39
39,130
130,39
39,137
137,39
39,138
138,39
39,188
188,39
39,200
200,39
39,201
201,39
39,207
207,39
39,213
213,39
39,239
239,39
39,240
240,39
39,373
373,39
39,398
398,39
39,444
444,39
39,469
469,39
39,486
486,39
40,57
57,40
40,94
94,40
40,119
119,40
40,133
133,40
40,158
158,40
40,191
191,40
40,194
194,40
40,207
207,40
40,217
217,40
40,219
219,40
40,223
223,40
40,233
233,40
40,235
235,40
40,250
250,40
40,259
259,40
40,269
269,40
40,293
293,40
40,316
316,40
40,327
327,40
40,383
383,40
40,391
391,40
40,461
461,40
40,480
480,40
40,492
492,40
40,495
495,40
41,50
50,41
41,71
71,41
41,86
86,41
41,89
89,41
41,227
227,41
41,279
279,41
41,298
298,41
41,376
376,41
41,380
380,41
41,383
383,41
41,405
405,41
41,428
428,41
42,49
49,42
42,56
56,42
42,81
81,42
42,87
87,42
42,100
100,42
42,107
107,42
42,115
115,42
42,144
144,42
42,156
156,42
42,158
158,42
42,166
166,42
42,169
169,42
42,172
172,42
42,190
190,42
42,193
193,42
42,211
211,42
42,215
215,42
42,255
255,42
42,266
266,42
42,285
285,42
42,351
351,42
42,360
360,42
42,406
406,42
42,421
421,42
42,456
456,42
42,463
463,42
43,45
45,43
43,48
48,43
43,68
68,43
43,84
84,43
43,90
90,43
43,104
104,43
43,114
114,43
43,128
128,43
43,139
139,43
43,161
161,43
43,182
182,43
43,212
212,43
43,231
231,43
43,236
236,43
43,244
244,43
43,245
245,43
43,286
286,43
43,401
401,43
43,433
433,43
43,444
444,43
43,449
449,43
43,470
470,43
43,479
479,43
43,487
487,43
43,497
497,43
44,66
66,44
44,91
91,44
44,92
92,44
44,107
107,44
44,133
133,44
44,152
152,44
44,225
225,44
44,251
251,44
44,256
256,44
44,321
321,44
44,324
324,44
44,348
348,44
44,365
365,44
44,428
428,44
45,51
51,45
45,141
141,45
45,149
149,45
45,180
180,45
45,184
184,45
45,227
227,45
45,255
255,45
45,269
269,45
45,298
298,45
45,329
329,45
45,346
346,45
45,359
359,45
45,433
433,45
45,442
442,45
46,49
49,46
46,91
91,46
46,148
148,46
46,155
155,46
46,157
157,46
46,214
214,46
46,215
215,46
46,236
236,46
46,254
254,46
46,303
303,46
46,306
306,46
46,420
420,46
46,480
480,46
47,53
53,47
47,60
60,47
47,84
84,47
47,101
101,47
47,102
102,47
47,115
115,47
47,118
118,47
47,123
123,47
47,153
153,47
47,154
154,47
47,220
220,47
47,259
259,47
47,275
275,47
47,301
301,47
47,372
372,47
47,382
382,47
47,389
389,47
47,436
436,47
47,468
468,47
47,496
496,47
48,52
52,48
48,64
64,48
48,95
95,48
48,96
96,48
48,109
109,48
48,126
126,48
48,127
127,48
48,133
133,48
48,159
159,48
48,194
194,48
48,220
220,48
48,241
241,48
48,268
268,48
48,322
322,48
48,445
445,48
49,54
54,49
49,61
61,49
49,65
65,49
49,87
87,49
49,98
98,49
49,100
100,49
49,109
109,49
49,136
136,49
49,142
142,49
49,165
165,49
49,178
178,49
49,221
221,49
49,273
273,49
49,311
311,49
49,356
356,49
49,367
367,49
49,395
395,49
49,426
426,49
50,80
80,50
50,92
92,50
50,117
117,50
50,236
236,50
50,293
293,50
50,381
381,50
50,432
432,50
51,56
56,51
51,178
178,51
51,183
183,51
51,205
205,51
51,224
224,51
51,225
225,51
51,300
300,51
51,362
362,51
51,402
402,51
52,59
59,52
52,78
78,52
52,82
82,52
52,126
126,52
52,167
167,52
52,168
168,52
52,191
191,52
52,269
269,52
52,314
314,52
52,333
333,52
52,352
352,52
52,363
363,52
52,440
440,52
53,67
67,53
53,81
81,53
53,89
89,53
53,101
101,53
53,108
108,53
53,125
125,53
53,142
142,53
53,160
160,53
53,169
169,53
53,183
183,53
53,184
184,53
53,197
197,53
53,204
204,53
53,259
259,53
53,272
272,53
53,297
297,53
53,314
314,53
53,317
317,53
53,384
384,53
53,395
395,53
54,66
66,54
54,71
71,54
54,126
126,54
54,129
129,54
54,162
162,54
54,170
170,54
54,186
186,54
54,195
195,54
54,214
214,54
54,473
473,54
55,89
89,55
55,102
102,55
55,144
144,55
55,197
197,55
55,249
249,55
55,264
264,55
55,288
288,55
55,332
332,55
55,399
399,55
55,453
453,55
55,478
478,55
56,68
68,56
56,78
78,56
56,85
85,56
56,143
143,56
56,155
155,56
56,176
176,56
56,196
196,56
56,271
271,56
56,317
317,56
56,372
372,56
56,377
377,56
56,379
379,56
56,431
431,56
56,454
454,56
57,79
79,57
57,85
85,57
57,107
107,57
57,141
141,57
57,150
150,57
57,151
151,57
57,185
185,57
57,220
220,57
57,232
232,57
57,321
321,57
57,358
358,57
57,363
363,57
57,377
377,57
57,438
438,57
57,467
467,57
57,482
482,57
58,63
63,58
58,80
80,58
58,91
91,58
58,141
141,58
58,148
148,58
58,157
157,58
58,162
162,58
58,163
163,58
58,188
188,58
58,205
205,58
58,250
250,58
58,255
255,58
58,275
275,58
58,329
329,58
58,379
379,58
58,392
392,58
58,406
406,58
58,488
488,58
59,71
71,59
59,89
89,59
59,94
94,59
59,181
181,59
59,190
190,59
59,216
216,59
59,243
243,59
59,246
246,59
59,297
297,59
59,300
300,59
59,301
301,59
59,403
403,59
59,420
420,59
59,484
484,59
60,137
137,60
60,148
148,60
60,174
174,60
60,199
199,60
60,251
251,60
60,253
253,60
60,367
367,60
60,403
403,60
60,452
452,60
60,476
476,60
60,484
484,60
60,487
487,60
61,77
77,61
61,102
102,61
61,171
171,61
61,217
217,61
61,312
312,61
61,388
388,61
61,435
435,61
61,494
494,61
62,91
91,62
62,96
96,62
62,111
111,62
62,112
112,62
62,128
128,62
62,132
132,62
62,211
211,62
62,244
244,62
62,365
365,62
62,424
424,62
63,70
70,63
63,84
84,63
63,85
85,63
63,86
86,63
63,87
87,63
63,136
136,63
63,156
156,63
63,171
171,63
63,194
194,63
63,302
302,63
63,313
313,63
63,315
315,63
63,350
350,63
63,355
355,63
63,380
380,63
63,469
469,63
63,496
496,63
64,77
77,64
64,88
88,64
64,92
92,64
64,112
112,64
64,205
205,64
64,248
248,64
64,296
296,64
64,368
368,64
64,499
499,64
65,67
67,65
65,82
82,65
65,106
106,65
65,135
135,65
65,136
136,65
65,168
168,65
65,265
265,65
65,284
284,65
65,362
362,65
65,491
491,65
66,74
74,66
66,90
90,66
66,114
114,66
66,120
120,66
66,172
172,66
66,197
197,66
66,206
206,66
66,221
221,66
66,224
224,66
66,260
260,66
66,335
335,66
66,358
358,66
66,375
375,66
66,460
460,66
66,495
495,66
67,128
128,67
68,123
123,68
68,141
141,68
68,177
177,68
68,247
247,68
68,248
248,68
68,296
296,68
68,301
301,68
68,347
347,68
68,367
367,68
68,378
378,68
69,72
72,69
69,73
73,69
69,83
83,69
69,99
99,69
69,117
117,69
69,134
134,69
69,163
163,69
69,323
323,69
69,341
341,69
69,356
356,69
69,376
376,69
69,437
437,69
69,486
486,69
70,71
71,70
70,88
88,70
70,95
95,70
70,119
119,70
70,322
322,70
70,327
327,70
70,344
344,70
70,364
364,70
70,368
368,70
70,384
384,70
70,436
436,70
70,478
478,70
70,497
497,70
71,106
106,71
71,111
111,71
71,112
112,71
71,125
125,71
71,127
127,71
71,150
150,71
71,204
204,71
71,216
216,71
71,220
220,71
71,277
277,71
71,338
338,71
71,349
349,71
72,76
76,72
72,96
96,72
72,297
297,72
72,474
474,72
72,482
482,72
73,107
107,73
73,195
195,73
73,235
235,73
73,337
337,73
73,439
439,73
73,487
487,73
74,75
75,74
74,92
92,74
74,96
96,74
74,119
119,74
74,175
175,74
74,201
201,74
74,214
214,74
74,374
374,74
75,82
82,75
75,163
163,75
75,175
175,75
75,206
206,75
75,257
257,75
75,332
332,75
75,338
338,75
75,407
407,75
75,440
440,75
75,492
492,75
76,104
104,76
76,154
154,76
76,170
170,76
76,258
258,76
76,495
495,76
77,95
95,77
77,104
104,77
77,105
105,77
77,127
127,77
77,130
130,77
77,176
176,77
77,193
193,77
77,203
203,77
77,222
222,77
77,287
287,77
77,304
304,77
77,311
311,77
77,334
334,77
77,349
349,77
77,413
413,77
77,497
497,77
78,105
105,78
78,107
107,78
78,113
113,78
78,122
122,78
78,166
166,78
78,177
177,78
78,199
199,78
78,242
242,78
78,364
364,78
78,432
432,78
79,97
97,79
79,99
99,79
79,135
135,79
79,158
158,79
79,210
210,79
79,223
223,79
79,243
243,79
79,438
438,79
79,493
493,79
79,494
494,79
80,123
123,80
80,164
164,80
80,223
223,80
80,255
255,80
80,320
320,80
80,321
321,80
80,346
346,80
80,476
476,80
81,162
162,81
81,163
163,81
81,204
204,81
81,337
337,81
81,391
391,81
81,405
405,81
82,99
99,82
82,150
150,82
82,213
213,82
82,229
229,82
82,251
251,82
82,268
268,82
82,313
313,82
82,323
323,82
82,419
419,82
82,433
433,82
82,434
434,82
82,446
446,82
82,447
447,82
83,85
85,83
83,100
100,83
83,126
126,83
83,150
150,83
83,154
154,83
83,180
180,83
83,244
244,83
83,315
315,83
83,413
413,83
83,425
425,83
84,95
95,84
84,98
98,84
84,112
112,84
84,173
173,84
84,177
177,84
84,184
184,84
84,193
193,84
84,236
236,84
84,334
334,84
84,422
422,84
85,111
111,85
85,176
176,85
85,203
203,85
85,261
261,85
85,345
345,85
85,402
402,85
85,417
417,85
85,462
462,85
86,105
105,86
86,109
109,86
86,162
162,86
86,167
167,86
86,187
187,86
86,211
211,86
86,212
212,86
86,220
220,86
86,223
223,86
86,304
304,86
86,322
322,86
86,345
345,86
86,373
373,86
86,447
447,86
87,116
116,87
87,134
134,87
87,135
135,87
87,201
201,87
87,218
218,87
87,250
250,87
87,270
270,87
87,285
285,87
87,339
339,87
87,420
420,87
87,435
435,87
88,145
145,88
88,179
179,88
88,186
186,88
88,283
283,88
88,305
305,88
88,310
310,88
88,487
487,88
89,101
101,89
89,108
108,89
89,125
125,89
89,139
139,89
89,172
172,89
89,325
325,89
89,360
360,89
89,393
393,89
90,123
123,90
90,132
132,90
90,144
144,90
90,146
146,90
90,164
164,90
90,170
170,90
90,198
198,90
90,213
213,90
90,219
219,90
90,230
230,90
90,245
245,90
90,251
251,90
90,309
309,90
90,337
337,90
90,345
345,90
90,357
357,90
90,375
375,90
90,392
392,90
91,172
172,91
91,179
179,91
91,284
284,91
91,351
351,91
91,365
365,91
91,475
475,91
92,204
204,92
92,224
224,92
92,363
363,92
92,388
388,92
92,443
443,92
93,198
198,93
93,331
331,93
93,436
436,93
93,482
482,93
94,175
175,94
94,208
208,94
94,364
364,94
94,385
385,94
94,415
415,94
94,421
421,94
94,497
497,94
94,498
498,94
95,101
101,95
95,134
134,95
95,143
143,95
95,168
168,95
95,187
187,95
95,330
330,95
95,362
362,95
95,387
387,95
95,398
398,95
95,401
401,95
95,451
451,95
96,140
140,96
97,99
99,97
97,113
113,97
97,115
115,97
97,121
121,97
97,135
135,97
97,180
180,97
97,226
226,97
97,279
279,97
97,435
435,97
98,107
107,98
98,125
125,98
98,133
133,98
98,413
413,98
98,417
417,98
98,451
451,98
99,104
104,99
99,151
151,99
99,159
159,99
99,176
176,99
99,253
253,99
99,358
358,99
99,436
436,99
99,494
494,99
100,135
135,100
100,173
173,100
100,202
202,100
100,232
232,100
100,257
257,100
100,276
276,100
100,281
281,100
100,331
331,100
100,353
353,100
100,354
354,100
100,387
387,100
100,404
404,100
100,407
407,100
100,468
468,100
101,130
130,101
101,131
131,101
101,224
224,101
101,285
285,101
101,360
360,101
101,364
364,101
101,500
500,101
102,417
417,102
102,443
443,102
102,466
466,102
102,486
486,102
103,121
121,103
103,185
185,103
103,256
256,103
103,286
286,103
103,289
289,103
103,418
418,103
103,462
462,103
104,144
144,104
104,203
203,104
104,230
230,104
104,278
278,104
104,317
317,104
104,341
341,104
104,444
444,104
105,118
118,105
105,259
259,105
105,264
264,105
105,299
299,105
105,397
397,105
105,450
450,105
106,169
169,106
106,181
181,106
106,402
402,106
106,461
461,106
107,139
139,107
107,158
158,107
107,202
202,107
107,206
206,107
107,208
208,107
107,234
234,107
107,254
254,107
107,267
267,107
107,297
297,107
107,393
393,107
107,498
498,107
108,129
129,108
108,140
140,108
108,149
149,108
108,161
161,108
108,185
185,108
108,388
388,108
108,448
448,108
108,474
474,108
108,477
477,108
109,229
229,109
109,258
258,109
109,322
322,109
110,117
117,110
110,214
214,110
110,275
275,110
111,353
353,111
111,422
422,111
112,149
149,112
112,151
151,112
112,241
241,112
112,267
267,112
112,277
277,112
112,291
291,112
112,292
292,112
112,305
305,112
112,339
339,112
112,370
370,112
112,391
391,112
112,438
438,112
112,450
450,112
113,152
152,113
113,158
158,113
113,177
177,113
113,218
218,113
113,231
231,113
113,237
237,113
113,238
238,113
113,242
242,113
113,263
263,113
113,332
332,113
113,355
355,113
113,415
415,113
113,444
444,113
114,275
275,114
114,339
339,114
114,359
359,114
114,372
372,114
114,407
407,114
115,143
143,115
115,187
187,115
115,237
237,115
115,316
316,115
115,378
378,115
115,408
408,115
116,186
186,116
116,232
232,116
116,281
281,116
116,348
348,116
116,386
386,116
116,463
463,116
117,122
122,117
117,159
159,117
117,195
195,117
117,226
226,117
117,233
233,117
117,252
252,117
117,265
265,117
117,366
366,117
117,389
389,117
117,408
408,117
117,414
414,117
117,485
485,117
117,486
486,117
118,206
206,118
118,213
213,118
118,259
259,118
118,348
348,118
119,121
121,119
119,153
153,119
119,158
158,119
119,194
194,119
119,240
240,119
119,245
245,119
119,288
288,119
119,291
291,119
119,317
317,119
119,357
357,119
119,367
367,119
120,221
221,120
120,268
268,120
120,290
290,120
120,332
332,120
120,335
335,120
120,349
349,120
120,353
353,120
121,167
167,121
121,299
299,121
121,330
330,121
121,449
449,121
121,465
465,121
122,191
191,122
122,208
208,122
122,236
236,122
122,248
248,122
122,268
268,122
122,334
334,122
122,344
344,122
122,465
465,122
122,500
500,122
123,296
296,123
123,369
369,123
123,479
479,123
124,131
131,124
124,138
138,124
124,155
155,124
124,162
162,124
124,186
186,124
124,200
200,124
124,255
255,124
124,332
332,124
124,358
358,124
125,359
359,125
126,129
129,126
126,136
136,126
126,156
156,126
126,219
219,126
126,244
244,126
126,248
248,126
126,270
270,126
126,302
302,126
126,335
335,126
126,365
365,126
126,410
410,126
126,415
415,126
126,435
435,126
126,446
446,126
126,483
483,126
127,142
142,127
127,156
156,127
127,241
241,127
127,261
261,127
127,284
284,127
128,331
331,128
128,341
341,128
128,435
435,128
129,131
131,129
129,202
202,129
129,381
381,129
129,433
433,129
130,139
139,130
130,218
218,130
130,228
228,130
130,266
266,130
130,272
272,130
130,295
295,130
130,296
296,130
131,205
205,131
131,207
207,131
131,210
210,131
131,222
222,131
131,371
371,131
132,211
211,132
132,278
278,132
132,287
287,132
132,306
306,132
132,343
343,132
132,352
352,132
132,379
379,132
132,395
395,132
132,426
426,132
132,449
449,132
132,466
466,132
133,138
138,133
133,212
212,133
133,216
216,133
133,310
310,133
133,474
474,133
133,491
491,133
134,161
161,134
134,195
195,134
134,238
238,134
134,315
315,134
134,405
405,134
134,495
495,134
135,186
186,135
135,292
292,135
135,300
300,135
135,410
410,135
135,439
439,135
136,140
140,136
136,173
173,136
136,192
192,136
136,260
260,136
136,377
377,136
136,404
404,136
136,456
456,136
137,166
166,137
137,183
183,137
137,187
187,137
137,197
197,137
137,209
209,137
137,311
311,137
137,321
321,137
138,174
174,138
138,185
185,138
138,188
188,138
138,196
196,138
138,222
222,138
138,280
280,138
138,288
288,138
138,315
315,138
138,344
344,138
138,392
392,138
138,413
413,138
138,415
415,138
138,425
425,138
138,441
441,138
139,215
215,139
139,383
383,139
140,291
291,140
140,463
463,140
141,149
149,141
141,210
210,141
141,257
257,141
141,327
327,141
142,191
191,142
142,209
209,142
142,219
219,142
142,262
262,142
142,298
298,142
142,331
331,142
142,339
339,142
142,386
386,142
143,249
249,143
143,267
267,143
143,343
343,143
143,357
357,143
144,404
404,144
145,170
170,145
145,173
173,145
145,452
452,145
145,460
460,145
146,190
190,146
146,286
286,146
146,453
453,146
146,457
457,146
146,477
477,146
147,161
161,147
147,175
175,147
147,196
196,147
147,310
310,147
147,398
398,147
147,440
440,147
148,182
182,148
148,184
184,148
148,206
206,148
148,217
217,148
148,237
237,148
148,314
314,148
148,396
396,148
148,400
400,148
149,166
166,149
149,264
264,149
149,308
308,149
149,455
455,149
150,227
227,150
150,270
270,150
150,301
301,150
150,366
366,150
150,370
370,150
150,471
471,150
150,475
475,150
151,200
200,151
151,249
249,151
151,254
254,151
151,295
295,151
151,346
346,151
151,456
456,151
151,459
459,151
152,231
231,152
152,237
237,152
152,246
246,152
152,249
249,152
153,156
156,153
153,166
166,153
153,235
235,153
153,236
236,153
153,256
256,153
153,260
260,153
153,263
263,153
153,326
326,153
153,347
347,153
153,380
380,153
153,434
434,153
154,175
175,154
155,262
262,155
155,266
266,155
155,272
272,155
155,431
431,155
155,491
491,155
156,179
179,156
156,284
284,156
156,422
422,156
157,178
178,157
157,199
199,157
157,254
254,157
157,273
273,157
157,276
276,157
157,287
287,157
157,315
315,157
157,363
363,157
157,383
383,157
157,402
402,157
157,422
422,157
157,445
445,157
158,164
164,158
158,218
218,158
158,303
303,158
160,281
281,160
160,282
282,160
160,313
313,160
160,366
366,160
160,399
399,160
160,449
449,160
161,216
216,161
161,234
234,161
161,237
237,161
161,238
238,161
161,251
251,161
161,253
253,161
162,182
182,162
162,190
190,162
162,200
200,162
162,403
403,162
162,490
490,162
163,198
198,163
163,263
263,163
163,438
438,163
163,481
481,163
164,181
181,164
164,269
269,164
164,278
278,164
164,280
280,164
164,307
307,164
164,410
410,164
164,451
451,164
164,468
468,164
164,486
486,164
165,199
199,165
165,335
335,165
165,406
406,165
165,409
409,165
166,209
209,166
166,442
442,166
166,443
443,166
167,212
212,167
167,418
418,167
168,238
238,168
168,340
340,168
168,361
361,168
168,367
367,168
168,444
444,168
169,227
227,169
171,182
182,171
171,201
201,171
171,228
228,171
171,243
243,171
171,312
312,171
171,345
345,171
171,366
366,171
171,449
449,171
171,474
474,171
172,174
174,172
172,254
254,172
172,297
297,172
172,353
353,172
172,371
371,172
172,389
389,172
172,405
405,172
172,451
451,172
172,456
456,172
172,499
499,172
173,192
192,173
174,463
463,174
175,273
273,175
175,424
424,175
175,438
438,175
176,197
197,176
176,203
203,176
176,260
260,176
176,262
262,176
176,325
325,176
176,345
345,176
176,355
355,176
176,410
410,176
176,452
452,176
176,459
459,176
177,261
261,177
177,324
324,177
178,229
229,178
178,235
235,178
178,307
307,178
179,234
234,179
179,387
387,179
180,181
181,180
180,295
295,180
180,431
431,180
181,255
255,181
181,270
270,181
181,298
298,181
182,325
325,182
182,339
339,182
182,344
344,182
182,412
412,182
182,414
414,182
182,458
458,182
182,464
464,182
184,229
229,184
184,356
356,184
185,267
267,185
185,285
285,185
185,312
312,185
185,328
328,185
185,344
344,185
185,356
356,185
185,361
361,185
185,381
381,185
185,419
419,185
185,459
459,185
186,189
189,186
186,227
227,186
186,257
257,186
186,294
294,186
186,299
299,186
186,305
305,186
186,328
328,186
186,418
418,186
187,370
370,187
187,382
382,187
188,260
260,188
189,324
324,189
189,375
375,189
189,492
492,189
190,500
500,190
191,192
192,191
191,404
404,191
192,219
219,192
192,328
328,192
192,423
423,192
193,199
199,193
193,380
380,193
193,401
401,193
193,489
489,193
194,445
445,194
194,465
465,194
194,472
472,194
196,240
240,196
196,244
244,196
197,261
261,197
197,292
292,197
197,384
384,197
198,212
212,198
198,240
240,198
198,445
445,198
198,466
466,198
199,222
222,199
199,274
274,199
200,252
252,200
200,367
367,200
201,306
306,201
201,327
327,201
201,357
357,201
201,408
408,201
201,454
454,201
201,459
459,201
202,245
245,202
202,263
263,202
202,433
433,202
202,473
473,202
203,263
263,203
203,490
490,203
204,205
205,204
204,274
274,204
204,359
359,204
204,370
370,204
204,411
411,204
204,437
437,204
205,290
290,205
205,333
333,205
206,211
211,206
206,233
233,206
206,389
389,206
206,485
485,206
207,226
226,207
208,277
277,208
208,349
349,208
208,462
462,208
208,470
470,208
208,492
492,208
209,228
228,209
209,279
279,209
209,498
498,209
210,221
221,210
210,234
234,210
210,252
252,210
210,273
273,210
210,300
300,210
210,324
324,210
210,325
325,210
210,399
399,210
210,411
411,210
210,437
437,210
210,455
455,210
210,458
458,210
211,242
242,211
211,258
258,211
211,266
266,211
211,273
273,211
211,359
359,211
211,390
390,211
211,448
448,211
211,477
477,211
211,493
493,211
212,271
271,212
212,286
286,212
212,289
289,212
212,347
347,212
212,499
499,212
213,234
234,213
213,282
282,213
213,368
368,213
213,382
382,213
213,455
455,213
214,232
232,214
214,246
246,214
214,321
321,214
214,366
366,214
216,229
229,216
216,279
279,216
216,281
281,216
216,326
326,216
217,253
253,217
217,265
265,217
217,300
300,217
217,361
361,217
217,378
378,217
217,459
459,217
219,323
323,219
220,460
460,220
221,355
355,221
221,428
428,221
221,483
483,221
222,276
276,222
222,325
325,222
222,336
336,222
222,375
375,222
223,274
274,223
223,330
330,223
224,373
373,224
224,375
375,224
224,442
442,224
224,443
443,224
224,448
448,224
224,452
452,224
225,264
264,225
225,309
309,225
225,444
444,225
225,460
460,225
226,230
230,226
226,293
293,226
226,457
457,226
226,471
471,226
226,491
491,226
227,283
283,227
227,287
287,227
227,295
295,227
227,340
340,227
227,417
417,227
227,471
471,227
228,316
316,228
228,396
396,228
229,489
489,229
230,272
272,230
230,291
291,230
230,342
342,230
230,377
377,230
230,388
388,230
230,416
416,230
230,427
427,230
230,448
448,230
230,451
451,230
231,247
247,231
232,254
254,232
232,289
289,232
232,299
299,232
232,414
414,232
233,290
290,233
233,327
327,233
234,257
257,234
235,241
241,235
235,293
293,235
235,295
295,235
235,412
412,235
236,389
389,236
237,303
303,237
238,256
256,238
238,286
286,238
238,288
288,238
238,306
306,238
239,488
488,239
240,294
294,240
240,335
335,240
240,397
397,240
242,374
374,242
242,402
402,242
243,247
247,243
244,318
318,244
246,248
248,246
246,294
294,246
246,350
350,246
246,365
365,246
247,318
318,247
247,350
350,247
247,380
380,247
248,284
284,248
248,292
292,248
248,371
371,248
248,377
377,248
248,398
398,248
248,475
475,248
248,476
476,248
248,497
497,248
249,310
310,249
249,490
490,249
250,283
283,250
250,316
316,250
252,303
303,252
252,459
459,252
252,495
495,252
253,360
360,253
253,425
425,253
256,382
382,256
256,385
385,256
257,333
333,257
257,354
354,257
257,421
421,257
258,361
361,258
258,396
396,258
259,374
374,259
260,343
343,260
260,354
354,260
260,360
360,260
261,268
268,261
261,385
385,261
261,434
434,261
261,469
469,261
261,476
476,261
262,304
304,262
262,434
434,262
263,304
304,263
263,448
448,263
264,273
273,264
264,434
434,264
265,438
438,265
265,478
478,265
266,393
393,266
266,458
458,266
266,500
500,266
268,296
296,268
268,300
300,268
268,418
418,268
269,307
307,269
269,372
372,269
269,498
498,269
270,272
272,270
270,384
384,270
270,478
478,270
271,321
321,271
271,337
337,271
271,499
499,271
272,307
307,272
272,335
335,272
272,485
485,272
272,493
493,272
273,341
341,273
273,390
390,273
274,304
304,274
274,305
305,274
275,385
385,275
277,323
323,277
277,457
457,277
277,475
475,277
277,489
489,277
278,355
355,278
278,362
362,278
278,484
484,278
279,342
342,279
279,357
357,279
279,429
429,279
279,492
492,279
280,416
416,280
281,442
442,281
281,470
470,281
283,336
336,283
283,415
415,283
283,421
421,283
283,478
478,283
284,293
293,284
284,316
316,284
284,334
334,284
284,407
407,284
285,308
308,285
285,313
313,285
285,448
448,285
285,496
496,285
286,363
363,286
287,347
347,287
287,378
378,287
287,472
472,287
288,394
394,288
288,450
450,288
288,468
468,288
289,294
294,289
289,461
461,289
290,301
301,290
290,313
313,290
290,318
318,290
290,372
372,290
290,423
423,290
290,429
429,290
292,324
324,292
292,373
373,292
292,394
394,292
293,434
434,293
295,311
311,295
295,428
428,295
296,437
437,296
297,311
311,297
297,349
349,297
298,416
416,298
298,446
446,298
300,473
473,300
301,490
490,301
302,342
342,302
303,350
350,303
303,368
368,303
304,309
309,304
306,442
442,306
308,314
314,308
308,403
403,308
308,427
427,308
310,343
343,310
310,358
358,310
310,494
494,310
311,357
357,311
311,418
418,311
311,424
424,311
311,441
441,311
313,375
375,313
313,435
435,313
314,489
489,314
315,324
324,315
315,358
358,315
315,378
378,315
316,371
371,316
316,429
429,316
317,422
422,317
318,388
388,318
318,429
429,318
318,430
430,318
320,397
397,320
320,499
499,320
321,465
465,321
322,430
430,322
324,420
420,324
325,339
339,325
325,378
378,325
326,413
413,326
327,460
460,327
328,395
395,328
330,391
391,330
331,408
408,331
331,479
479,331
331,482
482,331
332,408
408,332
332,417
417,332
333,362
362,333
333,396
396,333
333,427
427,333
333,456
456,333
333,483
483,333
334,392
392,334
334,400
400,334
336,371
371,336
336,470
470,336
337,372
372,337
337,398
398,337
337,409
409,337
337,419
419,337
340,400
400,340
340,428
428,340
340,443
443,340
340,464
464,340
341,465
465,341
341,490
490,341
344,381
381,344
346,347
347,346
346,370
370,346
346,379
379,346
346,390
390,346
347,356
356,347
347,464
464,347
348,487
487,348
349,395
395,349
349,473
473,349
350,443
443,350
354,386
386,354
354,389
389,354
356,496
496,356
358,374
374,358
358,388
388,358
358,416
416,358
360,365
365,360
360,447
447,360
361,387
387,361
362,445
445,362
362,500
500,362
364,392
392,364
364,412
412,364
364,467
467,364
364,474
474,364
365,396
396,365
365,424
424,365
367,425
425,367
367,481
481,367
368,451
451,368
369,405
405,369
370,397
397,370
372,453
453,372
372,472
472,372
373,423
423,373
373,436
436,373
374,404
404,374
377,401
401,377
377,412
412,377
377,440
440,377
377,483
483,377
378,437
437,378
379,398
398,379
380,426
426,380
381,423
423,381
382,407
407,382
382,464
464,382
383,457
457,383
383,471
471,383
384,462
462,384
384,490
490,384
385,496
496,385
387,399
399,387
388,455
455,388
388,499
499,388
389,396
396,389
389,400
400,389
390,404
404,390
390,450
450,390
391,429
429,391
391,483
483,391
391,485
485,391
392,476
476,392
393,481
481,393
393,485
485,393
394,411
411,394
394,415
415,394
395,463
463,395
395,467
467,395
397,426
426,397
398,409
409,398
401,431
431,401
404,419
419,404
405,462
462,405
406,491
491,406
407,484
484,407
410,446
446,410
413,424
424,413
413,488
488,413
414,498
498,414
418,454
454,418
419,454
454,419
419,457
457,419
420,423
423,420
426,439
439,426
427,470
470,427
428,470
470,428
437,468
468,437
439,489
489,439
439,493
493,439
441,479
479,441
449,458
458,449
449,491
491,449
450,477
477,450
453,464
464,453
473,477
477,473
474,500
500,474
477,486
486,477
479,481
481,479
492,493
493,492
